Open,High,Low,Close,Volume
0.3243925819606299,0.3220180638488082,0.32074623761939175,0.33275946851076377,0.5440517718688095






